<keymap version="1" name="Windows Proper Redo" parent="$default">
  <action id="Arrangement.Rule.Match.Condition.Move.Down" />
  <action id="Arrangement.Rule.Match.Condition.Move.Up" />
  <action id="Back">
    <mouse-shortcut keystroke="button4" />
    <keyboard-shortcut first-keystroke="ctrl open_bracket" />
  </action>
  <action id="CloseContent">
    <keyboard-shortcut first-keystroke="ctrl f4" />
    <keyboard-shortcut first-keystroke="ctrl w" />
  </action>
  <action id="EditorCodeBlockEnd" />
  <action id="EditorCodeBlockStart" />
  <action id="EditorDecreaseFontSize">
    <keyboard-shortcut first-keystroke="ctrl minus" />
  </action>
  <action id="EditorIncreaseFontSize">
    <keyboard-shortcut first-keystroke="ctrl equals" />
  </action>
  <action id="EditorScrollLeft">
    <mouse-shortcut keystroke="alt button143" />
  </action>
  <action id="EditorScrollRight">
    <mouse-shortcut keystroke="alt button142" />
  </action>
  <action id="EditorSelectWord">
    <keyboard-shortcut first-keystroke="alt up" />
  </action>
  <action id="EditorUnSelectWord">
    <keyboard-shortcut first-keystroke="alt down" />
  </action>
  <action id="Forward">
    <mouse-shortcut keystroke="button5" />
    <keyboard-shortcut first-keystroke="ctrl close_bracket" />
  </action>
  <action id="GenerateGetterAndSetter">
    <keyboard-shortcut first-keystroke="shift ctrl g" />
  </action>
  <action id="JumpToLastChange" />
  <action id="MethodDown">
    <keyboard-shortcut first-keystroke="alt n" />
  </action>
  <action id="MethodUp">
    <keyboard-shortcut first-keystroke="alt p" />
  </action>
  <action id="ReopenClosedTab">
    <keyboard-shortcut first-keystroke="shift ctrl w" />
  </action>
  <action id="ShowContent" />
  <action id="ShowSearchHistory" />
  <action id="SplitVertically">
    <mouse-shortcut keystroke="control button2" />
  </action>
</keymap>